participante_id,jogo_id,gols_a_palpite,gols_b_palpite,status_palpite,pontos
P002,J001,1,5,ACERTO_VENCEDOR,7
P004,J001,0,4,ACERTO_VENCEDOR,5
P005,J001,1,2,ACERTO_VENCEDOR,7
P007,J001,0,3,ACERTO_VENCEDOR,7
P013,J001,1,3,ACERTO_PLACAR,10
P015,J001,1,3,ACERTO_PLACAR,10
P018,J001,1,2,ACERTO_VENCEDOR,7
P022,J001,0,2,ACERTO_VENCEDOR,7
P036,J001,0,1,ACERTO_VENCEDOR,5
P037,J001,1,3,ACERTO_PLACAR,10
P041,J001,1,4,ACERTO_VENCEDOR,7
P044,J001,1,2,ACERTO_VENCEDOR,7
P048,J001,0,2,ACERTO_VENCEDOR,7
P049,J001,0,0,ERRO,0
P056,J001,1,3,ACERTO_PLACAR,10
P060,J001,0,2,ACERTO_VENCEDOR,7
P066,J001,1,2,ACERTO_VENCEDOR,7
P071,J001,0,2,ACERTO_VENCEDOR,7
P072,J001,0,1,ACERTO_VENCEDOR,5
P077,J001,1,1,ERRO,0
P081,J001,1,3,ACERTO_PLACAR,10
P082,J001,1,4,ACERTO_VENCEDOR,7
P087,J001,0,3,ACERTO_VENCEDOR,7
P088,J001,0,2,ACERTO_VENCEDOR,7
P092,J001,0,3,ACERTO_VENCEDOR,7
P094,J001,1,3,ACERTO_PLACAR,10
P098,J001,1,3,ACERTO_PLACAR,10
P099,J001,0,3,ACERTO_VENCEDOR,7
P103,J001,0,4,ACERTO_VENCEDOR,5
P106,J001,1,3,ACERTO_PLACAR,10
P111,J001,0,3,ACERTO_VENCEDOR,7
P116,J001,0,3,ACERTO_VENCEDOR,7
P117,J001,0,3,ACERTO_VENCEDOR,7
P121,J001,0,2,ACERTO_VENCEDOR,7
P124,J001,0,3,ACERTO_VENCEDOR,7
P126,J001,0,3,ACERTO_VENCEDOR,7
P129,J001,1,2,ACERTO_VENCEDOR,7
P131,J001,1,3,ACERTO_PLACAR,10
P132,J001,1,3,ACERTO_PLACAR,10
P133,J001,1,1,ERRO,0
P004,J002,1,0,ERRO,0
P007,J002,1,1,ACERTO_VENCEDOR,7
P013,J002,1,1,ACERTO_VENCEDOR,7
P015,J002,2,2,ACERTO_PLACAR,10
P018,J002,2,1,ERRO,0
P026,J002,0,0,ACERTO_VENCEDOR,7
P059,J002,3,1,ERRO,0
P078,J002,2,1,ERRO,0
P081,J002,1,1,ACERTO_VENCEDOR,7
P084,J002,3,2,ERRO,0
P092,J002,1,1,ACERTO_VENCEDOR,7
P093,J002,2,2,ACERTO_PLACAR,10
P098,J002,3,2,ERRO,0
P099,J002,3,1,ERRO,0
P103,J002,3,1,ERRO,0
P106,J002,1,2,ERRO,0
P112,J002,0,1,ERRO,0
P116,J002,2,1,ERRO,0
P117,J002,2,3,ERRO,0
P126,J002,1,2,ERRO,0
P131,J002,2,1,ERRO,0
P001,J003,0,1,ACERTO_PLACAR,10
P002,J003,1,1,ERRO,0
P004,J003,0,1,ACERTO_PLACAR,10
P006,J003,2,1,ERRO,0
P007,J003,1,3,ACERTO_VENCEDOR,5
P009,J003,1,3,ACERTO_VENCEDOR,5
P012,J003,1,1,ERRO,0
P013,J003,0,1,ACERTO_PLACAR,10
P015,J003,1,3,ACERTO_VENCEDOR,5
P018,J003,0,2,ACERTO_VENCEDOR,7
P034,J003,1,1,ERRO,0
P039,J003,0,1,ACERTO_PLACAR,10
P042,J003,1,1,ERRO,0
P054,J003,0,3,ACERTO_VENCEDOR,7
P057,J003,1,3,ACERTO_VENCEDOR,5
P059,J003,0,3,ACERTO_VENCEDOR,7
P066,J003,0,1,ACERTO_PLACAR,10
P069,J003,0,2,ACERTO_VENCEDOR,7
P078,J003,0,1,ACERTO_PLACAR,10
P081,J003,1,3,ACERTO_VENCEDOR,5
P084,J003,2,2,ERRO,0
P086,J003,0,3,ACERTO_VENCEDOR,7
P092,J003,1,2,ACERTO_VENCEDOR,7
P093,J003,0,0,ERRO,0
P094,J003,0,3,ACERTO_VENCEDOR,7
P096,J003,0,4,ACERTO_VENCEDOR,7
P099,J003,1,1,ERRO,0
P101,J003,0,3,ACERTO_VENCEDOR,7
P103,J003,0,4,ACERTO_VENCEDOR,7
P105,J003,1,2,ACERTO_VENCEDOR,7
P111,J003,1,3,ACERTO_VENCEDOR,5
P116,J003,0,2,ACERTO_VENCEDOR,7
P117,J003,5,2,ERRO,0
P118,J003,2,0,ERRO,0
P123,J003,1,2,ACERTO_VENCEDOR,7
P126,J003,0,2,ACERTO_VENCEDOR,7
P134,J003,0,3,ACERTO_VENCEDOR,7
P001,J004,2,1,ACERTO_VENCEDOR,7
P004,J004,2,2,ERRO,0
P007,J004,1,2,ERRO,0
P008,J004,2,0,ACERTO_VENCEDOR,5
P013,J004,1,1,ERRO,0
P015,J004,2,1,ACERTO_VENCEDOR,7
P016,J004,2,1,ACERTO_VENCEDOR,7
P018,J004,1,1,ERRO,0
P022,J004,1,1,ERRO,0
P025,J004,1,0,ACERTO_VENCEDOR,5
P037,J004,1,2,ERRO,0
P041,J004,2,0,ACERTO_VENCEDOR,5
P043,J004,1,1,ERRO,0
P044,J004,2,0,ACERTO_VENCEDOR,5
P048,J004,3,2,ACERTO_VENCEDOR,5
P053,J004,3,1,ACERTO_VENCEDOR,7
P055,J004,2,2,ERRO,0
P056,J004,2,1,ACERTO_VENCEDOR,7
P058,J004,2,1,ACERTO_VENCEDOR,7
P060,J004,2,2,ERRO,0
P064,J004,2,0,ACERTO_VENCEDOR,5
P065,J004,0,0,ERRO,0
P067,J004,1,3,ERRO,0
P071,J004,2,1,ACERTO_VENCEDOR,7
P072,J004,2,1,ACERTO_VENCEDOR,7
P077,J004,3,1,ACERTO_VENCEDOR,7
P080,J004,2,1,ACERTO_VENCEDOR,7
P082,J004,2,1,ACERTO_VENCEDOR,7
P087,J004,2,2,ERRO,0
P088,J004,8,0,ACERTO_VENCEDOR,5
P092,J004,2,2,ERRO,0
P098,J004,2,1,ACERTO_VENCEDOR,7
P102,J004,2,2,ERRO,0
P103,J004,3,2,ACERTO_VENCEDOR,5
P104,J004,0,2,ERRO,0
P111,J004,2,1,ACERTO_VENCEDOR,7
P114,J004,1,2,ERRO,0
P115,J004,1,2,ERRO,0
P116,J004,2,0,ACERTO_VENCEDOR,5
P119,J004,2,2,ERRO,0
P121,J004,2,1,ACERTO_VENCEDOR,7
P124,J004,3,2,ACERTO_VENCEDOR,5
P126,J004,2,1,ACERTO_VENCEDOR,7
P131,J004,3,2,ACERTO_VENCEDOR,5
P133,J004,2,2,ERRO,0
P004,J005,2,0,ERRO,0
P005,J005,3,2,ERRO,0
P007,J005,2,0,ERRO,0
P013,J005,1,2,ERRO,0
P015,J005,2,1,ERRO,0
P018,J005,1,1,ACERTO_PLACAR,10
P021,J005,2,0,ERRO,0
P025,J005,2,1,ERRO,0
P038,J005,2,2,ACERTO_VENCEDOR,7
P046,J005,1,2,ERRO,0
P051,J005,3,1,ERRO,0
P066,J005,2,0,ERRO,0
P078,J005,2,0,ERRO,0
P081,J005,1,1,ACERTO_PLACAR,10
P087,J005,2,1,ERRO,0
P091,J005,2,0,ERRO,0
P092,J005,1,2,ERRO,0
P094,J005,2,0,ERRO,0
P098,J005,2,1,ERRO,0
P099,J005,2,1,ERRO,0
P103,J005,1,2,ERRO,0
P106,J005,2,1,ERRO,0
P116,J005,1,1,ACERTO_PLACAR,10
P117,J005,2,1,ERRO,0
P125,J005,2,0,ERRO,0
P126,J005,3,2,ERRO,0
P131,J005,1,1,ACERTO_PLACAR,10
P002,J006,0,5,ACERTO_VENCEDOR,5
P004,J006,1,2,ACERTO_VENCEDOR,7
P005,J006,0,3,ACERTO_VENCEDOR,7
P013,J006,0,2,ACERTO_VENCEDOR,5
P014,J006,0,3,ACERTO_VENCEDOR,7
P015,J006,0,3,ACERTO_VENCEDOR,7
P018,J006,0,2,ACERTO_VENCEDOR,5
P025,J006,0,2,ACERTO_VENCEDOR,5
P027,J006,0,4,ACERTO_VENCEDOR,7
P041,J006,0,2,ACERTO_VENCEDOR,5
P049,J006,2,1,ERRO,0
P059,J006,0,2,ACERTO_VENCEDOR,5
P066,J006,0,1,ACERTO_VENCEDOR,5
P072,J006,0,2,ACERTO_VENCEDOR,5
P077,J006,0,1,ACERTO_VENCEDOR,5
P081,J006,0,1,ACERTO_VENCEDOR,5
P087,J006,0,3,ACERTO_VENCEDOR,7
P088,J006,0,2,ACERTO_VENCEDOR,5
P091,J006,0,2,ACERTO_VENCEDOR,5
P092,J006,0,5,ACERTO_VENCEDOR,5
P094,J006,0,2,ACERTO_VENCEDOR,5
P098,J006,1,2,ACERTO_VENCEDOR,7
P099,J006,0,2,ACERTO_VENCEDOR,5
P103,J006,0,3,ACERTO_VENCEDOR,7
P106,J006,0,3,ACERTO_VENCEDOR,7
P111,J006,0,2,ACERTO_VENCEDOR,5
P116,J006,1,2,ACERTO_VENCEDOR,7
P117,J006,0,2,ACERTO_VENCEDOR,5
P126,J006,0,3,ACERTO_VENCEDOR,7
P131,J006,1,2,ACERTO_VENCEDOR,7
P133,J006,2,2,ERRO,0
P004,J007,1,0,ERRO,0
P005,J007,2,2,ACERTO_PLACAR,10
P007,J007,0,1,ERRO,0
P013,J007,2,1,ERRO,0
P015,J007,1,2,ERRO,0
P018,J007,1,2,ERRO,0
P025,J007,1,1,ACERTO_VENCEDOR,7
P031,J007,1,1,ACERTO_VENCEDOR,7
P038,J007,1,0,ERRO,0
P046,J007,1,1,ACERTO_VENCEDOR,7
P051,J007,1,1,ACERTO_VENCEDOR,7
P081,J007,2,1,ERRO,0
P087,J007,3,0,ERRO,0
P092,J007,0,0,ACERTO_VENCEDOR,7
P094,J007,2,1,ERRO,0
P098,J007,1,1,ACERTO_VENCEDOR,7
P099,J007,2,2,ACERTO_PLACAR,10
P103,J007,2,0,ERRO,0
P106,J007,3,0,ERRO,0
P113,J007,0,0,ACERTO_VENCEDOR,7
P116,J007,1,2,ERRO,0
P126,J007,0,0,ACERTO_VENCEDOR,7
P002,J008,1,1,ERRO,0
P004,J008,3,0,ACERTO_VENCEDOR,5
P005,J008,2,2,ERRO,0
P007,J008,2,1,ACERTO_VENCEDOR,5
P013,J008,2,1,ACERTO_VENCEDOR,5
P015,J008,2,1,ACERTO_VENCEDOR,5
P018,J008,2,2,ERRO,0
P041,J008,1,1,ERRO,0
P048,J008,1,2,ERRO,0
P049,J008,1,1,ERRO,0
P056,J008,1,1,ERRO,0
P066,J008,1,1,ERRO,0
P071,J008,2,1,ACERTO_VENCEDOR,5
P072,J008,2,2,ERRO,0
P077,J008,2,2,ERRO,0
P081,J008,1,0,ACERTO_VENCEDOR,5
P087,J008,2,1,ACERTO_VENCEDOR,5
P088,J008,2,2,ERRO,0
P092,J008,2,3,ERRO,0
P094,J008,3,2,ACERTO_VENCEDOR,7
P098,J008,2,3,ERRO,0
P099,J008,3,2,ACERTO_VENCEDOR,7
P103,J008,1,2,ERRO,0
P106,J008,1,1,ERRO,0
P111,J008,0,0,ERRO,0
P116,J008,2,1,ACERTO_VENCEDOR,5
P117,J008,2,2,ERRO,0
P121,J008,1,2,ERRO,0
P126,J008,2,2,ERRO,0
P128,J008,2,2,ERRO,0
P131,J008,1,1,ERRO,0
P133,J008,3,1,ACERTO_VENCEDOR,7
P004,J009,2,0,ACERTO_VENCEDOR,5
P007,J009,2,0,ACERTO_VENCEDOR,5
P013,J009,1,1,ERRO,0
P015,J009,1,0,ACERTO_VENCEDOR,5
P018,J009,2,1,ACERTO_VENCEDOR,7
P059,J009,2,0,ACERTO_VENCEDOR,5
P078,J009,1,0,ACERTO_VENCEDOR,5
P081,J009,1,0,ACERTO_VENCEDOR,5
P084,J009,2,1,ACERTO_VENCEDOR,7
P087,J009,2,1,ACERTO_VENCEDOR,7
P092,J009,2,1,ACERTO_VENCEDOR,7
P094,J009,2,0,ACERTO_VENCEDOR,5
P099,J009,1,0,ACERTO_VENCEDOR,5
P103,J009,2,2,ERRO,0
P106,J009,1,0,ACERTO_VENCEDOR,5
P116,J009,1,0,ACERTO_VENCEDOR,5
P117,J009,1,0,ACERTO_VENCEDOR,5
P126,J009,0,0,ERRO,0
P131,J009,3,2,ACERTO_VENCEDOR,5
P004,J010,0,3,ERRO,0
P007,J010,1,1,ERRO,0
P013,J010,0,0,ERRO,0
P015,J010,1,3,ERRO,0
P018,J010,1,1,ERRO,0
P019,J010,2,1,ACERTO_VENCEDOR,7
P027,J010,1,3,ERRO,0
P059,J010,2,2,ERRO,0
P078,J010,0,2,ERRO,0
P081,J010,2,1,ACERTO_VENCEDOR,7
P084,J010,0,3,ERRO,0
P092,J010,0,2,ERRO,0
P093,J010,2,0,ACERTO_VENCEDOR,7
P094,J010,1,1,ERRO,0
P098,J010,0,1,ERRO,0
P099,J010,1,4,ERRO,0
P103,J010,2,0,ACERTO_VENCEDOR,7
P106,J010,0,2,ERRO,0
P116,J010,2,0,ACERTO_VENCEDOR,7
P126,J010,0,1,ERRO,0
P131,J010,2,2,ERRO,0
P001,J011,3,0,ACERTO_VENCEDOR,5
P004,J011,3,1,ACERTO_VENCEDOR,7
P007,J011,3,0,ACERTO_VENCEDOR,5
P008,J011,1,0,ACERTO_VENCEDOR,7
P013,J011,3,0,ACERTO_VENCEDOR,5
P015,J011,3,1,ACERTO_VENCEDOR,7
P016,J011,2,2,ERRO,0
P018,J011,4,0,ACERTO_VENCEDOR,5
P022,J011,2,1,ACERTO_PLACAR,10
P023,J011,4,0,ACERTO_VENCEDOR,5
P025,J011,2,0,ACERTO_VENCEDOR,7
P037,J011,3,0,ACERTO_VENCEDOR,5
P041,J011,1,1,ERRO,0
P043,J011,2,1,ACERTO_PLACAR,10
P044,J011,3,1,ACERTO_VENCEDOR,7
P048,J011,4,1,ACERTO_VENCEDOR,7
P049,J011,5,1,ACERTO_VENCEDOR,7
P053,J011,2,2,ERRO,0
P055,J011,2,1,ACERTO_PLACAR,10
P056,J011,5,0,ACERTO_VENCEDOR,5
P058,J011,1,0,ACERTO_VENCEDOR,7
P060,J011,5,1,ACERTO_VENCEDOR,7
P064,J011,2,0,ACERTO_VENCEDOR,7
P067,J011,4,1,ACERTO_VENCEDOR,7
P071,J011,3,0,ACERTO_VENCEDOR,5
P072,J011,4,0,ACERTO_VENCEDOR,5
P077,J011,3,1,ACERTO_VENCEDOR,7
P080,J011,3,0,ACERTO_VENCEDOR,5
P081,J011,1,1,ERRO,0
P082,J011,3,1,ACERTO_VENCEDOR,7
P087,J011,3,1,ACERTO_VENCEDOR,7
P088,J011,2,2,ERRO,0
P091,J011,1,0,ACERTO_VENCEDOR,7
P092,J011,3,0,ACERTO_VENCEDOR,5
P094,J011,3,0,ACERTO_VENCEDOR,5
P098,J011,5,1,ACERTO_VENCEDOR,7
P099,J011,3,0,ACERTO_VENCEDOR,5
P102,J011,3,1,ACERTO_VENCEDOR,7
P103,J011,2,2,ERRO,0
P104,J011,2,1,ACERTO_PLACAR,10
P111,J011,3,1,ACERTO_VENCEDOR,7
P114,J011,3,1,ACERTO_VENCEDOR,7
P115,J011,5,0,ACERTO_VENCEDOR,5
P116,J011,3,2,ACERTO_VENCEDOR,7
P119,J011,3,1,ACERTO_VENCEDOR,7
P121,J011,3,0,ACERTO_VENCEDOR,5
P122,J011,3,1,ACERTO_VENCEDOR,7
P124,J011,3,1,ACERTO_VENCEDOR,7
P126,J011,2,0,ACERTO_VENCEDOR,7
P131,J011,3,1,ACERTO_VENCEDOR,7
P133,J011,5,1,ACERTO_VENCEDOR,7
P001,J012,2,1,ACERTO_VENCEDOR,7
P005,J012,2,2,ERRO,0
P007,J012,2,1,ACERTO_VENCEDOR,7
P008,J012,2,2,ERRO,0
P013,J012,3,1,ACERTO_VENCEDOR,7
P015,J012,2,1,ACERTO_VENCEDOR,7
P018,J012,0,1,ERRO,0
P022,J012,3,0,ACERTO_VENCEDOR,7
P036,J012,1,0,ACERTO_VENCEDOR,7
P037,J012,2,2,ERRO,0
P041,J012,3,0,ACERTO_VENCEDOR,7
P043,J012,2,0,ACERTO_PLACAR,10
P044,J012,3,0,ACERTO_VENCEDOR,7
P048,J012,2,1,ACERTO_VENCEDOR,7
P049,J012,3,1,ACERTO_VENCEDOR,7
P052,J012,2,1,ACERTO_VENCEDOR,7
P053,J012,3,0,ACERTO_VENCEDOR,7
P055,J012,3,1,ACERTO_VENCEDOR,7
P056,J012,3,1,ACERTO_VENCEDOR,7
P060,J012,1,2,ERRO,0
P071,J012,2,1,ACERTO_VENCEDOR,7
P072,J012,2,1,ACERTO_VENCEDOR,7
P077,J012,2,1,ACERTO_VENCEDOR,7
P081,J012,3,1,ACERTO_VENCEDOR,7
P085,J012,1,0,ACERTO_VENCEDOR,7
P087,J012,3,1,ACERTO_VENCEDOR,7
P088,J012,2,1,ACERTO_VENCEDOR,7
P091,J012,2,0,ACERTO_PLACAR,10
P092,J012,2,0,ACERTO_PLACAR,10
P094,J012,3,2,ACERTO_VENCEDOR,5
P098,J012,2,1,ACERTO_VENCEDOR,7
P099,J012,3,1,ACERTO_VENCEDOR,7
P103,J012,2,0,ACERTO_PLACAR,10
P111,J012,2,1,ACERTO_VENCEDOR,7
P116,J012,1,1,ERRO,0
P121,J012,0,2,ERRO,0
P122,J012,3,1,ACERTO_VENCEDOR,7
P126,J012,2,1,ACERTO_VENCEDOR,7
P131,J012,4,1,ACERTO_VENCEDOR,5
P133,J012,2,2,ERRO,0
P135,J012,3,2,ACERTO_VENCEDOR,5
P002,J013,2,0,ERRO,0
P004,J013,2,0,ERRO,0
P005,J013,2,1,ERRO,0
P007,J013,2,0,ERRO,0
P013,J013,2,0,ERRO,0
P015,J013,4,0,ERRO,0
P018,J013,2,1,ERRO,0
P025,J013,1,0,ERRO,0
P030,J013,2,1,ERRO,0
P041,J013,4,0,ERRO,0
P046,J013,3,0,ERRO,0
P048,J013,2,0,ERRO,0
P049,J013,2,0,ERRO,0
P056,J013,3,0,ERRO,0
P059,J013,2,1,ERRO,0
P066,J013,1,1,ACERTO_PLACAR,10
P071,J013,5,1,ERRO,0
P072,J013,4,0,ERRO,0
P077,J013,3,1,ERRO,0
P081,J013,2,0,ERRO,0
P087,J013,5,0,ERRO,0
P088,J013,4,0,ERRO,0
P092,J013,3,0,ERRO,0
P094,J013,4,0,ERRO,0
P098,J013,3,0,ERRO,0
P099,J013,3,1,ERRO,0
P103,J013,3,1,ERRO,0
P106,J013,3,0,ERRO,0
P111,J013,3,1,ERRO,0
P116,J013,3,0,ERRO,0
P117,J013,3,0,ERRO,0
P121,J013,3,0,ERRO,0
P126,J013,5,0,ERRO,0
P128,J013,3,0,ERRO,0
P131,J013,2,0,ERRO,0
P133,J013,3,1,ERRO,0
P002,J014,2,3,ERRO,0
P004,J014,3,0,ACERTO_VENCEDOR,7
P005,J014,0,1,ERRO,0
P007,J014,4,0,ACERTO_VENCEDOR,5
P013,J014,2,1,ACERTO_VENCEDOR,7
P014,J014,1,2,ERRO,0
P015,J014,2,1,ACERTO_VENCEDOR,7
P018,J014,2,1,ACERTO_VENCEDOR,7
P025,J014,3,0,ACERTO_VENCEDOR,7
P027,J014,4,2,ACERTO_VENCEDOR,7
P046,J014,4,0,ACERTO_VENCEDOR,5
P049,J014,2,1,ACERTO_VENCEDOR,7
P059,J014,4,1,ACERTO_VENCEDOR,7
P066,J014,3,0,ACERTO_VENCEDOR,7
P077,J014,2,1,ACERTO_VENCEDOR,7
P079,J014,3,0,ACERTO_VENCEDOR,7
P081,J014,3,1,ACERTO_PLACAR,10
P087,J014,3,1,ACERTO_PLACAR,10
P088,J014,3,1,ACERTO_PLACAR,10
P091,J014,2,0,ACERTO_VENCEDOR,7
P092,J014,1,2,ERRO,0
P098,J014,2,2,ERRO,0
P099,J014,2,0,ACERTO_VENCEDOR,7
P103,J014,2,0,ACERTO_VENCEDOR,7
P106,J014,2,0,ACERTO_VENCEDOR,7
P111,J014,3,0,ACERTO_VENCEDOR,7
P116,J014,2,1,ACERTO_VENCEDOR,7
P117,J014,3,0,ACERTO_VENCEDOR,7
P126,J014,3,1,ACERTO_PLACAR,10
P131,J014,2,1,ACERTO_VENCEDOR,7
P133,J014,2,1,ACERTO_VENCEDOR,7
P007,J015,1,1,ERRO,0
P013,J015,2,1,ACERTO_VENCEDOR,7
P015,J015,3,1,ACERTO_VENCEDOR,7
P056,J015,1,1,ERRO,0
P066,J015,1,1,ERRO,0
P091,J015,0,1,ERRO,0
P094,J015,1,2,ERRO,0
P098,J015,0,1,ERRO,0
P099,J015,2,2,ERRO,0
P111,J015,1,2,ERRO,0
P116,J015,1,0,ACERTO_VENCEDOR,5
P004,J016,5,0,ERRO,0
P005,J016,6,1,ERRO,0
P013,J016,2,0,ERRO,0
P015,J016,5,1,ERRO,0
P018,J016,2,0,ERRO,0
P021,J016,4,0,ERRO,0
P025,J016,4,1,ERRO,0
P038,J016,4,1,ERRO,0
P046,J016,2,0,ERRO,0
P051,J016,6,1,ERRO,0
P066,J016,3,0,ERRO,0
P078,J016,4,0,ERRO,0
P081,J016,4,0,ERRO,0
P087,J016,5,0,ERRO,0
P092,J016,5,1,ERRO,0
P098,J016,3,1,ERRO,0
P099,J016,4,0,ERRO,0
P103,J016,3,0,ERRO,0
P106,J016,6,0,ERRO,0
P113,J016,2,1,ERRO,0
P116,J016,2,0,ERRO,0
P117,J016,3,1,ERRO,0
P126,J016,5,0,ERRO,0
P131,J016,3,1,ERRO,0
P001,J017,3,0,ACERTO_PLACAR,10
P004,J017,4,1,ACERTO_VENCEDOR,7
P005,J017,3,0,ACERTO_PLACAR,10
P007,J017,3,0,ACERTO_PLACAR,10
P008,J017,2,1,ACERTO_VENCEDOR,5
P010,J017,3,1,ACERTO_VENCEDOR,7
P013,J017,4,0,ACERTO_VENCEDOR,7
P015,J017,4,0,ACERTO_VENCEDOR,7
P017,J017,2,2,ERRO,0
P018,J017,2,1,ACERTO_VENCEDOR,5
P020,J017,4,0,ACERTO_VENCEDOR,7
P022,J017,2,1,ACERTO_VENCEDOR,5
P024,J017,3,1,ACERTO_VENCEDOR,7
P025,J017,4,1,ACERTO_VENCEDOR,7
P028,J017,2,1,ACERTO_VENCEDOR,5
P030,J017,4,1,ACERTO_VENCEDOR,7
P032,J017,1,0,ACERTO_VENCEDOR,7
P035,J017,4,1,ACERTO_VENCEDOR,7
P037,J017,3,0,ACERTO_PLACAR,10
P040,J017,4,0,ACERTO_VENCEDOR,7
P041,J017,4,0,ACERTO_VENCEDOR,7
P043,J017,3,0,ACERTO_PLACAR,10
P045,J017,3,0,ACERTO_PLACAR,10
P047,J017,4,0,ACERTO_VENCEDOR,7
P048,J017,2,1,ACERTO_VENCEDOR,5
P049,J017,3,0,ACERTO_PLACAR,10
P052,J017,2,1,ACERTO_VENCEDOR,5
P053,J017,5,0,ACERTO_VENCEDOR,7
P054,J017,2,0,ACERTO_VENCEDOR,7
P055,J017,4,0,ACERTO_VENCEDOR,7
P056,J017,4,0,ACERTO_VENCEDOR,7
P058,J017,3,0,ACERTO_PLACAR,10
P060,J017,4,0,ACERTO_VENCEDOR,7
P062,J017,4,0,ACERTO_VENCEDOR,7
P064,J017,3,0,ACERTO_PLACAR,10
P068,J017,2,1,ACERTO_VENCEDOR,5
P070,J017,2,0,ACERTO_VENCEDOR,7
P071,J017,4,0,ACERTO_VENCEDOR,7
P072,J017,2,1,ACERTO_VENCEDOR,5
P075,J017,2,0,ACERTO_VENCEDOR,7
P077,J017,3,0,ACERTO_PLACAR,10
P080,J017,5,0,ACERTO_VENCEDOR,7
P081,J017,4,1,ACERTO_VENCEDOR,7
P085,J017,6,0,ACERTO_VENCEDOR,7
P086,J017,3,0,ACERTO_PLACAR,10
P087,J017,2,0,ACERTO_VENCEDOR,7
P088,J017,4,1,ACERTO_VENCEDOR,7
P091,J017,4,0,ACERTO_VENCEDOR,7
P092,J017,4,1,ACERTO_VENCEDOR,7
P094,J017,4,0,ACERTO_VENCEDOR,7
P097,J017,4,1,ACERTO_VENCEDOR,7
P098,J017,3,1,ACERTO_VENCEDOR,7
P099,J017,4,0,ACERTO_VENCEDOR,7
P100,J017,4,1,ACERTO_VENCEDOR,7
P103,J017,4,0,ACERTO_VENCEDOR,7
P104,J017,4,1,ACERTO_VENCEDOR,7
P107,J017,1,1,ERRO,0
P108,J017,3,1,ACERTO_VENCEDOR,7
P109,J017,2,1,ACERTO_VENCEDOR,5
P111,J017,4,0,ACERTO_VENCEDOR,7
P115,J017,2,1,ACERTO_VENCEDOR,5
P116,J017,3,0,ACERTO_PLACAR,10
P117,J017,2,1,ACERTO_VENCEDOR,5
P121,J017,2,0,ACERTO_VENCEDOR,7
P122,J017,3,0,ACERTO_PLACAR,10
P126,J017,5,0,ACERTO_VENCEDOR,7
P131,J017,3,0,ACERTO_PLACAR,10
P133,J017,3,1,ACERTO_VENCEDOR,7
P135,J017,4,2,ACERTO_VENCEDOR,5
P007,J018,2,1,ERRO,0
P015,J018,4,1,ERRO,0
P056,J018,3,1,ERRO,0
P066,J018,2,1,ERRO,0
P094,J018,2,0,ERRO,0
P098,J018,1,2,ERRO,0
P099,J018,3,0,ERRO,0
P111,J018,1,1,ACERTO_PLACAR,10
P116,J018,3,1,ERRO,0
P117,J018,1,0,ERRO,0
P007,J019,2,0,ACERTO_VENCEDOR,7
P015,J019,2,1,ACERTO_PLACAR,10
P091,J019,1,1,ERRO,0
P116,J019,1,2,ERRO,0
P001,J020,2,1,ERRO,0
P002,J020,4,1,ERRO,0
P003,J020,2,1,ERRO,0
P004,J020,2,1,ERRO,0
P006,J020,4,2,ERRO,0
P007,J020,2,0,ERRO,0
P009,J020,2,1,ERRO,0
P011,J020,3,0,ERRO,0
P013,J020,2,1,ERRO,0
P015,J020,3,1,ERRO,0
P018,J020,1,0,ERRO,0
P022,J020,3,1,ERRO,0
P030,J020,3,1,ERRO,0
P033,J020,2,1,ERRO,0
P034,J020,2,1,ERRO,0
P039,J020,1,0,ERRO,0
P042,J020,3,1,ERRO,0
P047,J020,1,2,ERRO,0
P050,J020,2,0,ERRO,0
P052,J020,2,0,ERRO,0
P054,J020,2,1,ERRO,0
P059,J020,2,1,ERRO,0
P063,J020,2,1,ERRO,0
P069,J020,1,1,ACERTO_PLACAR,10
P070,J020,3,1,ERRO,0
P072,J020,2,1,ERRO,0
P073,J020,1,1,ACERTO_PLACAR,10
P078,J020,1,2,ERRO,0
P081,J020,1,0,ERRO,0
P083,J020,2,1,ERRO,0
P084,J020,4,1,ERRO,0
P086,J020,2,0,ERRO,0
P089,J020,3,1,ERRO,0
P090,J020,2,1,ERRO,0
P092,J020,4,2,ERRO,0
P093,J020,3,1,ERRO,0
P094,J020,3,1,ERRO,0
P095,J020,3,1,ERRO,0
P096,J020,2,1,ERRO,0
P098,J020,2,1,ERRO,0
P099,J020,3,2,ERRO,0
P101,J020,2,1,ERRO,0
P103,J020,2,1,ERRO,0
P105,J020,3,1,ERRO,0
P109,J020,3,2,ERRO,0
P110,J020,1,0,ERRO,0
P111,J020,2,0,ERRO,0
P112,J020,2,1,ERRO,0
P116,J020,3,1,ERRO,0
P117,J020,2,1,ERRO,0
P118,J020,3,1,ERRO,0
P120,J020,1,0,ERRO,0
P123,J020,3,1,ERRO,0
P126,J020,2,1,ERRO,0
P127,J020,2,0,ERRO,0
P130,J020,1,2,ERRO,0
P131,J020,2,0,ERRO,0
P134,J020,2,1,ERRO,0
P001,J021,1,1,ERRO,0
P004,J021,0,2,ACERTO_VENCEDOR,7
P005,J021,3,2,ERRO,0
P007,J021,1,1,ERRO,0
P008,J021,1,1,ERRO,0
P013,J021,1,1,ERRO,0
P015,J021,1,0,ERRO,0
P018,J021,1,2,ACERTO_VENCEDOR,7
P020,J021,2,1,ERRO,0
P022,J021,0,2,ACERTO_VENCEDOR,7
P024,J021,1,1,ERRO,0
P025,J021,2,0,ERRO,0
P032,J021,2,1,ERRO,0
P035,J021,2,3,ACERTO_VENCEDOR,7
P037,J021,0,1,ACERTO_PLACAR,10
P040,J021,2,1,ERRO,0
P043,J021,1,1,ERRO,0
P045,J021,1,1,ERRO,0
P047,J021,2,1,ERRO,0
P048,J021,1,3,ACERTO_VENCEDOR,5
P049,J021,3,0,ERRO,0
P052,J021,0,1,ACERTO_PLACAR,10
P053,J021,1,1,ERRO,0
P055,J021,3,2,ERRO,0
P056,J021,1,1,ERRO,0
P058,J021,2,2,ERRO,0
P060,J021,0,2,ACERTO_VENCEDOR,7
P061,J021,3,1,ERRO,0
P064,J021,1,2,ACERTO_VENCEDOR,7
P071,J021,1,0,ERRO,0
P072,J021,2,1,ERRO,0
P077,J021,1,1,ERRO,0
P080,J021,2,1,ERRO,0
P081,J021,0,1,ACERTO_PLACAR,10
P082,J021,0,1,ACERTO_PLACAR,10
P085,J021,1,2,ACERTO_VENCEDOR,7
P086,J021,2,0,ERRO,0
P087,J021,1,2,ACERTO_VENCEDOR,7
P088,J021,1,0,ERRO,0
P091,J021,2,0,ERRO,0
P092,J021,1,1,ERRO,0
P094,J021,2,1,ERRO,0
P097,J021,3,0,ERRO,0
P098,J021,1,2,ACERTO_VENCEDOR,7
P099,J021,2,1,ERRO,0
P100,J021,2,1,ERRO,0
P102,J021,2,1,ERRO,0
P103,J021,0,1,ACERTO_PLACAR,10
P104,J021,2,2,ERRO,0
P108,J021,2,2,ERRO,0
P109,J021,1,0,ERRO,0
P111,J021,2,2,ERRO,0
P114,J021,3,0,ERRO,0
P115,J021,1,1,ERRO,0
P116,J021,2,0,ERRO,0
P117,J021,1,0,ERRO,0
P121,J021,1,2,ACERTO_VENCEDOR,7
P122,J021,2,1,ERRO,0
P126,J021,0,1,ACERTO_PLACAR,10
P131,J021,1,2,ACERTO_VENCEDOR,7
P133,J021,2,0,ERRO,0
P135,J021,3,1,ERRO,0
P001,J022,1,2,ACERTO_VENCEDOR,7
P005,J022,1,2,ACERTO_VENCEDOR,7
P007,J022,0,2,ACERTO_VENCEDOR,7
P008,J022,0,1,ACERTO_PLACAR,10
P013,J022,1,2,ACERTO_VENCEDOR,7
P015,J022,1,2,ACERTO_VENCEDOR,7
P018,J022,2,1,ERRO,0
P020,J022,1,2,ACERTO_VENCEDOR,7
P022,J022,1,3,ACERTO_VENCEDOR,5
P025,J022,0,3,ACERTO_VENCEDOR,7
P028,J022,0,1,ACERTO_PLACAR,10
P032,J022,2,0,ERRO,0
P035,J022,0,3,ACERTO_VENCEDOR,7
P036,J022,0,1,ACERTO_PLACAR,10
P037,J022,1,1,ERRO,0
P041,J022,0,2,ACERTO_VENCEDOR,7
P043,J022,0,2,ACERTO_VENCEDOR,7
P047,J022,0,2,ACERTO_VENCEDOR,7
P048,J022,1,3,ACERTO_VENCEDOR,5
P049,J022,2,3,ACERTO_VENCEDOR,7
P052,J022,1,1,ERRO,0
P053,J022,1,3,ACERTO_VENCEDOR,5
P055,J022,0,2,ACERTO_VENCEDOR,7
P056,J022,0,3,ACERTO_VENCEDOR,7
P060,J022,2,0,ERRO,0
P062,J022,0,2,ACERTO_VENCEDOR,7
P071,J022,0,2,ACERTO_VENCEDOR,7
P072,J022,0,1,ACERTO_PLACAR,10
P077,J022,2,1,ERRO,0
P080,J022,0,2,ACERTO_VENCEDOR,7
P081,J022,1,2,ACERTO_VENCEDOR,7
P085,J022,1,0,ERRO,0
P087,J022,0,2,ACERTO_VENCEDOR,7
P088,J022,0,2,ACERTO_VENCEDOR,7
P091,J022,1,2,ACERTO_VENCEDOR,7
P092,J022,0,2,ACERTO_VENCEDOR,7
P094,J022,1,3,ACERTO_VENCEDOR,5
P097,J022,2,1,ERRO,0
P098,J022,1,1,ERRO,0
P099,J022,1,2,ACERTO_VENCEDOR,7
P103,J022,1,3,ACERTO_VENCEDOR,5
P104,J022,2,3,ACERTO_VENCEDOR,7
P111,J022,0,2,ACERTO_VENCEDOR,7
P116,J022,1,2,ACERTO_VENCEDOR,7
P117,J022,0,2,ACERTO_VENCEDOR,7
P121,J022,1,2,ACERTO_VENCEDOR,7
P122,J022,0,2,ACERTO_VENCEDOR,7
P126,J022,2,4,ACERTO_VENCEDOR,5
P131,J022,0,1,ACERTO_PLACAR,10
P133,J022,1,2,ACERTO_VENCEDOR,7
P135,J022,2,1,ERRO,0
P002,J023,1,2,ERRO,0
P004,J023,2,2,ERRO,0
P005,J023,1,1,ERRO,0
P007,J023,2,2,ERRO,0
P013,J023,0,0,ERRO,0
P014,J023,0,0,ERRO,0
P015,J023,2,0,ACERTO_VENCEDOR,7
P025,J023,2,1,ACERTO_VENCEDOR,7
P031,J023,2,1,ACERTO_VENCEDOR,7
P041,J023,2,0,ACERTO_VENCEDOR,7
P059,J023,0,0,ERRO,0
P066,J023,2,2,ERRO,0
P071,J023,3,1,ACERTO_PLACAR,10
P072,J023,2,0,ACERTO_VENCEDOR,7
P077,J023,2,1,ACERTO_VENCEDOR,7
P081,J023,1,1,ERRO,0
P087,J023,2,0,ACERTO_VENCEDOR,7
P088,J023,1,0,ACERTO_VENCEDOR,5
P092,J023,0,1,ERRO,0
P094,J023,2,1,ACERTO_VENCEDOR,7
P103,J023,0,1,ERRO,0
P106,J023,2,1,ACERTO_VENCEDOR,7
P111,J023,2,0,ACERTO_VENCEDOR,7
P116,J023,2,1,ACERTO_VENCEDOR,7
P117,J023,1,1,ERRO,0
P126,J023,3,0,ACERTO_VENCEDOR,7
P131,J023,2,2,ERRO,0
P133,J023,2,1,ACERTO_VENCEDOR,7
P001,J024,2,1,ACERTO_VENCEDOR,7
P005,J024,0,2,ERRO,0
P007,J024,2,1,ACERTO_VENCEDOR,7
P013,J024,2,1,ACERTO_VENCEDOR,7
P015,J024,2,1,ACERTO_VENCEDOR,7
P018,J024,2,1,ACERTO_VENCEDOR,7
P022,J024,2,2,ERRO,0
P029,J024,3,3,ERRO,0
P035,J024,3,1,ACERTO_VENCEDOR,5
P036,J024,2,0,ACERTO_VENCEDOR,7
P037,J024,2,1,ACERTO_VENCEDOR,7
P041,J024,2,1,ACERTO_VENCEDOR,7
P043,J024,0,2,ERRO,0
P044,J024,1,1,ERRO,0
P048,J024,2,0,ACERTO_VENCEDOR,7
P049,J024,1,3,ERRO,0
P053,J024,2,1,ACERTO_VENCEDOR,7
P056,J024,3,2,ACERTO_VENCEDOR,7
P060,J024,3,2,ACERTO_VENCEDOR,7
P066,J024,2,1,ACERTO_VENCEDOR,7
P071,J024,2,2,ERRO,0
P072,J024,2,3,ERRO,0
P076,J024,2,0,ACERTO_VENCEDOR,7
P077,J024,2,2,ERRO,0
P079,J024,0,1,ERRO,0
P081,J024,1,1,ERRO,0
P082,J024,2,1,ACERTO_VENCEDOR,7
P087,J024,2,2,ERRO,0
P088,J024,2,1,ACERTO_VENCEDOR,7
P091,J024,2,1,ACERTO_VENCEDOR,7
P092,J024,2,2,ERRO,0
P093,J024,1,2,ERRO,0
P094,J024,2,2,ERRO,0
P098,J024,2,3,ERRO,0
P099,J024,2,2,ERRO,0
P104,J024,2,2,ERRO,0
P106,J024,1,2,ERRO,0
P111,J024,2,0,ACERTO_VENCEDOR,7
P116,J024,1,2,ERRO,0
P117,J024,3,1,ACERTO_VENCEDOR,5
P121,J024,2,1,ACERTO_VENCEDOR,7
P124,J024,2,2,ERRO,0
P126,J024,2,2,ERRO,0
P131,J024,3,2,ACERTO_VENCEDOR,7
P132,J024,2,2,ERRO,0
P133,J024,2,2,ERRO,0
P004,J025,2,2,ERRO,0
P007,J025,4,0,ACERTO_VENCEDOR,5
P012,J025,4,0,ACERTO_VENCEDOR,5
P013,J025,3,0,ACERTO_VENCEDOR,5
P015,J025,5,0,ACERTO_VENCEDOR,5
P018,J025,3,0,ACERTO_VENCEDOR,5
P026,J025,3,1,ACERTO_VENCEDOR,7
P078,J025,3,0,ACERTO_VENCEDOR,5
P081,J025,4,0,ACERTO_VENCEDOR,5
P084,J025,4,0,ACERTO_VENCEDOR,5
P092,J025,4,0,ACERTO_VENCEDOR,5
P093,J025,20,0,ACERTO_VENCEDOR,5
P094,J025,4,0,ACERTO_VENCEDOR,5
P098,J025,2,0,ACERTO_VENCEDOR,5
P099,J025,6,0,ACERTO_VENCEDOR,7
P103,J025,5,0,ACERTO_VENCEDOR,5
P116,J025,3,0,ACERTO_VENCEDOR,5
P117,J025,3,0,ACERTO_VENCEDOR,5
P002,J026,0,1,ERRO,0
P004,J026,0,2,ERRO,0
P007,J026,1,2,ERRO,0
P009,J026,0,2,ERRO,0
P013,J026,0,1,ERRO,0
P015,J026,1,2,ERRO,0
P018,J026,1,0,ACERTO_VENCEDOR,7
P026,J026,1,1,ERRO,0
P039,J026,2,0,ACERTO_PLACAR,10
P059,J026,0,0,ERRO,0
P069,J026,0,1,ERRO,0
P078,J026,1,1,ERRO,0
P081,J026,1,2,ERRO,0
P084,J026,2,0,ACERTO_PLACAR,10
P092,J026,0,1,ERRO,0
P093,J026,1,2,ERRO,0
P094,J026,0,2,ERRO,0
P098,J026,1,2,ERRO,0
P099,J026,2,1,ACERTO_VENCEDOR,7
P103,J026,0,2,ERRO,0
P117,J026,1,0,ACERTO_VENCEDOR,7
P123,J026,0,2,ERRO,0
P126,J026,1,1,ERRO,0
P005,J027,1,0,ERRO,0
P013,J027,1,0,ERRO,0
P015,J027,1,1,ACERTO_PLACAR,10
P018,J027,1,0,ERRO,0
P022,J027,2,1,ERRO,0
P029,J027,1,2,ERRO,0
P036,J027,1,1,ACERTO_PLACAR,10
P037,J027,1,1,ACERTO_PLACAR,10
P041,J027,1,1,ACERTO_PLACAR,10
P043,J027,2,0,ERRO,0
P044,J027,2,1,ERRO,0
P048,J027,1,3,ERRO,0
P049,J027,1,2,ERRO,0
P056,J027,1,0,ERRO,0
P060,J027,1,1,ACERTO_PLACAR,10
P066,J027,1,1,ACERTO_PLACAR,10
P071,J027,2,1,ERRO,0
P072,J027,2,0,ERRO,0
P077,J027,2,3,ERRO,0
P081,J027,1,0,ERRO,0
P082,J027,1,0,ERRO,0
P087,J027,2,0,ERRO,0
P088,J027,0,0,ACERTO_VENCEDOR,7
P091,J027,1,0,ERRO,0
P092,J027,0,2,ERRO,0
P094,J027,2,1,ERRO,0
P098,J027,1,2,ERRO,0
P103,J027,0,1,ERRO,0
P104,J027,2,1,ERRO,0
P106,J027,1,1,ACERTO_PLACAR,10
P111,J027,2,1,ERRO,0
P116,J027,2,0,ERRO,0
P121,J027,0,1,ERRO,0
P124,J027,2,1,ERRO,0
P126,J027,1,1,ACERTO_PLACAR,10
P131,J027,2,2,ACERTO_VENCEDOR,7
P133,J027,1,1,ACERTO_PLACAR,10
P004,J028,0,1,ERRO,0
P005,J028,0,2,ERRO,0
P007,J028,1,2,ERRO,0
P013,J028,1,1,ACERTO_PLACAR,10
P015,J028,1,3,ERRO,0
P018,J028,0,3,ERRO,0
P025,J028,1,2,ERRO,0
P031,J028,1,2,ERRO,0
P038,J028,1,1,ACERTO_PLACAR,10
P046,J028,0,1,ERRO,0
P051,J028,1,3,ERRO,0
P066,J028,1,1,ACERTO_PLACAR,10
P081,J028,0,1,ERRO,0
P087,J028,1,2,ERRO,0
P092,J028,1,3,ERRO,0
P094,J028,0,3,ERRO,0
P099,J028,0,1,ERRO,0
P103,J028,1,3,ERRO,0
P106,J028,1,2,ERRO,0
P113,J028,1,2,ERRO,0
P116,J028,1,2,ERRO,0
P117,J028,2,0,ERRO,0
P126,J028,1,2,ERRO,0
P131,J028,2,3,ERRO,0
P002,J029,3,0,ACERTO_PLACAR,10
P004,J029,2,3,ERRO,0
P005,J029,2,1,ACERTO_VENCEDOR,5
P007,J029,3,0,ACERTO_PLACAR,10
P013,J029,2,1,ACERTO_VENCEDOR,5
P014,J029,0,2,ERRO,0
P015,J029,3,1,ACERTO_VENCEDOR,7
P018,J029,3,0,ACERTO_PLACAR,10
P025,J029,2,0,ACERTO_VENCEDOR,7
P031,J029,3,0,ACERTO_PLACAR,10
P041,J029,3,1,ACERTO_VENCEDOR,7
P048,J029,3,1,ACERTO_VENCEDOR,7
P049,J029,3,2,ACERTO_VENCEDOR,7
P059,J029,3,1,ACERTO_VENCEDOR,7
P066,J029,2,0,ACERTO_VENCEDOR,7
P071,J029,4,0,ACERTO_VENCEDOR,7
P072,J029,3,1,ACERTO_VENCEDOR,7
P074,J029,2,1,ACERTO_VENCEDOR,5
P077,J029,2,1,ACERTO_VENCEDOR,5
P079,J029,2,1,ACERTO_VENCEDOR,5
P081,J029,2,0,ACERTO_VENCEDOR,7
P087,J029,3,1,ACERTO_VENCEDOR,7
P088,J029,2,1,ACERTO_VENCEDOR,5
P091,J029,1,0,ACERTO_VENCEDOR,7
P092,J029,2,1,ACERTO_VENCEDOR,5
P094,J029,3,0,ACERTO_PLACAR,10
P098,J029,3,1,ACERTO_VENCEDOR,7
P099,J029,4,0,ACERTO_VENCEDOR,7
P103,J029,2,0,ACERTO_VENCEDOR,7
P106,J029,2,1,ACERTO_VENCEDOR,5
P111,J029,2,0,ACERTO_VENCEDOR,7
P116,J029,2,0,ACERTO_VENCEDOR,7
P117,J029,4,0,ACERTO_VENCEDOR,7
P126,J029,1,0,ACERTO_VENCEDOR,7
P131,J029,3,0,ACERTO_PLACAR,10
P133,J029,1,1,ERRO,0
P005,J030,2,0,ACERTO_VENCEDOR,5
P007,J030,4,1,ACERTO_PLACAR,10
P013,J030,2,1,ACERTO_VENCEDOR,7
P015,J030,3,1,ACERTO_VENCEDOR,7
P018,J030,1,2,ERRO,0
P022,J030,3,0,ACERTO_VENCEDOR,7
P029,J030,2,0,ACERTO_VENCEDOR,5
P035,J030,3,1,ACERTO_VENCEDOR,7
P036,J030,2,0,ACERTO_VENCEDOR,5
P037,J030,1,0,ACERTO_VENCEDOR,5
P041,J030,0,1,ERRO,0
P043,J030,2,1,ACERTO_VENCEDOR,7
P044,J030,2,0,ACERTO_VENCEDOR,5
P048,J030,3,1,ACERTO_VENCEDOR,7
P049,J030,3,1,ACERTO_VENCEDOR,7
P053,J030,1,3,ERRO,0
P056,J030,2,1,ACERTO_VENCEDOR,7
P060,J030,3,1,ACERTO_VENCEDOR,7
P066,J030,0,1,ERRO,0
P071,J030,1,0,ACERTO_VENCEDOR,5
P072,J030,1,0,ACERTO_VENCEDOR,5
P077,J030,1,1,ERRO,0
P079,J030,2,0,ACERTO_VENCEDOR,5
P081,J030,2,1,ACERTO_VENCEDOR,7
P082,J030,0,1,ERRO,0
P087,J030,1,1,ERRO,0
P088,J030,2,0,ACERTO_VENCEDOR,5
P091,J030,1,2,ERRO,0
P092,J030,2,0,ACERTO_VENCEDOR,5
P094,J030,1,1,ERRO,0
P098,J030,1,1,ERRO,0
P099,J030,2,1,ACERTO_VENCEDOR,7
P103,J030,0,2,ERRO,0
P104,J030,2,1,ACERTO_VENCEDOR,7
P106,J030,1,0,ACERTO_VENCEDOR,5
P111,J030,2,0,ACERTO_VENCEDOR,5
P116,J030,2,1,ACERTO_VENCEDOR,7
P117,J030,1,2,ERRO,0
P121,J030,2,1,ACERTO_VENCEDOR,7
P124,J030,1,1,ERRO,0
P126,J030,2,1,ACERTO_VENCEDOR,7
P131,J030,1,1,ERRO,0
P132,J030,2,0,ACERTO_VENCEDOR,5
P133,J030,2,1,ACERTO_VENCEDOR,7
P005,J031,1,0,ACERTO_VENCEDOR,7
P007,J031,2,0,ACERTO_VENCEDOR,7
P013,J031,1,0,ACERTO_VENCEDOR,7
P015,J031,2,0,ACERTO_VENCEDOR,7
P018,J031,1,0,ACERTO_VENCEDOR,7
P022,J031,0,2,ERRO,0
P029,J031,3,2,ACERTO_VENCEDOR,5
P035,J031,2,1,ACERTO_VENCEDOR,5
P036,J031,1,1,ERRO,0
P037,J031,1,1,ERRO,0
P041,J031,2,0,ACERTO_VENCEDOR,7
P043,J031,1,0,ACERTO_VENCEDOR,7
P044,J031,1,0,ACERTO_VENCEDOR,7
P048,J031,1,1,ERRO,0
P049,J031,1,2,ERRO,0
P053,J031,2,0,ACERTO_VENCEDOR,7
P056,J031,1,1,ERRO,0
P060,J031,1,1,ERRO,0
P066,J031,1,1,ERRO,0
P071,J031,0,0,ERRO,0
P072,J031,2,0,ACERTO_VENCEDOR,7
P077,J031,2,1,ACERTO_VENCEDOR,5
P079,J031,1,1,ERRO,0
P081,J031,1,1,ERRO,0
P082,J031,1,0,ACERTO_VENCEDOR,7
P087,J031,1,1,ERRO,0
P088,J031,1,1,ERRO,0
P091,J031,2,0,ACERTO_VENCEDOR,7
P092,J031,2,1,ACERTO_VENCEDOR,5
P093,J031,2,1,ACERTO_VENCEDOR,5
P094,J031,2,1,ACERTO_VENCEDOR,5
P098,J031,2,1,ACERTO_VENCEDOR,5
P099,J031,1,1,ERRO,0
P103,J031,1,2,ERRO,0
P104,J031,1,1,ERRO,0
P106,J031,2,2,ERRO,0
P111,J031,2,0,ACERTO_VENCEDOR,7
P116,J031,2,1,ACERTO_VENCEDOR,5
P117,J031,2,0,ACERTO_VENCEDOR,7
P121,J031,2,1,ACERTO_VENCEDOR,5
P124,J031,3,0,ACERTO_VENCEDOR,7
P126,J031,1,0,ACERTO_VENCEDOR,7
P131,J031,2,1,ACERTO_VENCEDOR,5
P132,J031,1,0,ACERTO_VENCEDOR,7
P133,J031,2,0,ACERTO_VENCEDOR,7
P001,J032,1,3,ERRO,0
P002,J032,0,2,ERRO,0
P003,J032,0,2,ERRO,0
P004,J032,0,2,ERRO,0
P006,J032,2,3,ERRO,0
P009,J032,0,3,ERRO,0
P012,J032,0,1,ERRO,0
P013,J032,0,0,ACERTO_VENCEDOR,7
P015,J032,0,2,ERRO,0
P018,J032,0,2,ERRO,0
P034,J032,0,2,ERRO,0
P039,J032,1,1,ACERTO_PLACAR,10
P042,J032,0,2,ERRO,0
P054,J032,0,3,ERRO,0
P069,J032,0,2,ERRO,0
P073,J032,0,2,ERRO,0
P078,J032,0,2,ERRO,0
P081,J032,0,2,ERRO,0
P084,J032,1,2,ERRO,0
P086,J032,0,3,ERRO,0
P092,J032,1,3,ERRO,0
P093,J032,0,0,ACERTO_VENCEDOR,7
P099,J032,0,2,ERRO,0
P103,J032,1,1,ACERTO_PLACAR,10
P105,J032,0,2,ERRO,0
P111,J032,0,3,ERRO,0
P117,J032,0,2,ERRO,0
P118,J032,1,1,ACERTO_PLACAR,10
P123,J032,0,3,ERRO,0
P126,J032,1,3,ERRO,0
P130,J032,0,5,ERRO,0
P134,J032,0,2,ERRO,0
P002,J033,2,1,ACERTO_VENCEDOR,7
P004,J033,2,0,ACERTO_VENCEDOR,7
P005,J033,2,0,ACERTO_VENCEDOR,7
P007,J033,0,1,ERRO,0
P013,J033,1,0,ACERTO_PLACAR,10
P015,J033,0,1,ERRO,0
P018,J033,1,1,ERRO,0
P036,J033,2,0,ACERTO_VENCEDOR,7
P037,J033,2,0,ACERTO_VENCEDOR,7
P041,J033,2,1,ACERTO_VENCEDOR,7
P044,J033,2,0,ACERTO_VENCEDOR,7
P048,J033,1,0,ACERTO_PLACAR,10
P049,J033,1,3,ERRO,0
P056,J033,2,1,ACERTO_VENCEDOR,7
P060,J033,1,1,ERRO,0
P066,J033,2,2,ERRO,0
P071,J033,3,0,ACERTO_VENCEDOR,7
P072,J033,1,1,ERRO,0
P077,J033,0,1,ERRO,0
P081,J033,1,1,ERRO,0
P082,J033,3,0,ACERTO_VENCEDOR,7
P087,J033,1,2,ERRO,0
P088,J033,0,1,ERRO,0
P092,J033,2,1,ACERTO_VENCEDOR,7
P094,J033,2,0,ACERTO_VENCEDOR,7
P098,J033,2,1,ACERTO_VENCEDOR,7
P099,J033,2,2,ERRO,0
P103,J033,3,0,ACERTO_VENCEDOR,7
P106,J033,2,2,ERRO,0
P111,J033,1,1,ERRO,0
P116,J033,1,2,ERRO,0
P117,J033,1,1,ERRO,0
P121,J033,1,2,ERRO,0
P124,J033,2,1,ACERTO_VENCEDOR,7
P126,J033,3,1,ACERTO_VENCEDOR,5
P131,J033,1,1,ERRO,0
P133,J033,1,1,ERRO,0
P_TESTE,J001,0,3,DEMO,0
P_TESTE,J002,1,2,DEMO,0
P_TESTE,J003,0,2,DEMO,0
P_TESTE,J004,2,1,DEMO,0
P_TESTE,J005,4,2,DEMO,0
P_TESTE,J006,0,4,DEMO,0
P_TESTE,J007,1,1,DEMO,0
P_TESTE,J008,2,2,DEMO,0
P_TESTE,J009,0,0,DEMO,0
P_TESTE,J010,0,1,DEMO,0
P_TESTE,J011,2,0,DEMO,0
P_TESTE,J012,3,1,DEMO,0
P_TESTE,J013,6,0,DEMO,0
P_TESTE,J014,2,1,DEMO,0
P_TESTE,J015,1,1,DEMO,0
P_TESTE,J016,5,0,DEMO,0
P_TESTE,J017,5,0,DEMO,0
P_TESTE,J018,3,1,DEMO,0
P_TESTE,J019,2,1,DEMO,0
P_TESTE,J020,3,1,DEMO,0
P_TESTE,J021,1,2,DEMO,0
P_TESTE,J022,2,4,DEMO,0
P_TESTE,J023,3,0,DEMO,0
P_TESTE,J024,2,2,DEMO,0
P_TESTE,J025,4,0,DEMO,0
P_TESTE,J026,2,1,DEMO,0
P_TESTE,J027,2,1,DEMO,0
P_TESTE,J028,1,1,DEMO,0
P_TESTE,J029,1,0,DEMO,0
P_TESTE,J030,2,1,DEMO,0
P_TESTE,J031,1,0,DEMO,0
P_TESTE,J032,1,3,DEMO,0
